mass,x,y,z,v_x,v_y,v_z
1.0,-87.5,-40.0,0.0,5.994597567810538,8.991896351715804,0.0
1.0,-12.5,40.0,0.0,-23.978390271242148,-8.991896351715802,0.0
